{
  "playerStart": {"x": 10, "y": 4200},
  "ground":{"x": 0, "y": 4300},
  "platformData": [
    {"x": -150, "y": 4000},
    {"x": 150, "y": 3650},
    {"x": -250, "y": 3500},
    {"x": 150, "y": 3200},
    {"x": -200, "y": 2900},
    {"x": 300, "y": 2600},
    {"x": -200, "y": 1600},
    {"x": 200, "y": 1300},
    {"x": -200, "y": 1000},
    {"x": 200, "y": 700},
    {"x": 0, "y": 400}
  ],
  "stairData":[
    {"x":400,"y":4000,"scaleX":2,"scaleY":2},
    {"x":150,"y":3200,"scaleX":2,"scaleY":3},
    {"x":300,"y":2900,"scaleX":2,"scaleY":2},
    {"x":700,"y":2600,"scaleX":2,"scaleY":3},

    {"x":600,"y":2300,"scaleX":2,"scaleY":2},
    {"x":600,"y":2200,"scaleX":2,"scaleY":2},
    {"x":600,"y":2100,"scaleX":2,"scaleY":2},
    {"x":600,"y":2000,"scaleX":2,"scaleY":2},
    {"x":600,"y":1900,"scaleX":2,"scaleY":2},
    {"x":600,"y":1800,"scaleX":2,"scaleY":2},
    {"x":600,"y":1700,"scaleX":2,"scaleY":2},
    {"x":600,"y":1600,"scaleX":2,"scaleY":2},

    {"x":400,"y":2300,"scaleX":2,"scaleY":2},
    {"x":400,"y":2200,"scaleX":2,"scaleY":2},
    {"x":400,"y":2100,"scaleX":2,"scaleY":2},
    {"x":400,"y":2000,"scaleX":2,"scaleY":2},
    {"x":400,"y":1900,"scaleX":2,"scaleY":2},
    {"x":400,"y":1800,"scaleX":2,"scaleY":2},
    {"x":400,"y":1700,"scaleX":2,"scaleY":2},
    {"x":400,"y":1600,"scaleX":2,"scaleY":2},

    {"x":200,"y":2300,"scaleX":2,"scaleY":2},
    {"x":200,"y":2200,"scaleX":2,"scaleY":2},
    {"x":200,"y":2100,"scaleX":2,"scaleY":2},
    {"x":200,"y":2000,"scaleX":2,"scaleY":2},
    {"x":200,"y":1900,"scaleX":2,"scaleY":2},
    {"x":200,"y":1800,"scaleX":2,"scaleY":2},
    {"x":200,"y":1700,"scaleX":2,"scaleY":2},
    {"x":200,"y":1600,"scaleX":2,"scaleY":2},

    {"x":200,"y":1300,"scaleX":2,"scaleY":3},
    {"x":500,"y":1000,"scaleX":2,"scaleY":3},
    {"x":400,"y":700,"scaleX":2,"scaleY":3}
    
  ],
  "fireData": [
    {"x": 340, "y": 4270},
    {"x": 380, "y": 4270},
    {"x": 420, "y": 4270},
    {"x": 20, "y": 3970},
    {"x": 60, "y": 3970},
    {"x": 520, "y": 3150},
    {"x": 560, "y": 3150},
    {"x": 600, "y": 3150},
    {"x": 20, "y": 2850},
    {"x": 60, "y": 2850},
    {"x": 100, "y": 2850},
    {"x": 340, "y": 2550},
    {"x": 380, "y": 2550},
    {"x": 420, "y": 2550},

    {"x": 200, "y": 2400},
    {"x": 200, "y": 2360},
    {"x": 200, "y": 2320},
    {"x": 200, "y": 2280},
    {"x": 200, "y": 2240},
    {"x": 200, "y": 2200},

    {"x": 200, "y": 1680},
    {"x": 200, "y": 1640},
    {"x": 200, "y": 1600},
    {"x": 200, "y": 1560},
    
    {"x": 400, "y": 2440},
    {"x": 400, "y": 2400},
    {"x": 400, "y": 2360},
    {"x": 400, "y": 2320},

    {"x": 400, "y": 1600},
    {"x": 400, "y": 1560},

    {"x": 600, "y": 1960},
    {"x": 600, "y": 1920},
    {"x": 600, "y": 1880},
    {"x": 600, "y": 1840}
  ],
  "ropeData":[
    {"x":50,"y":3800},
    {"x":700,"y":3100},
    {"x":10,"y":2250},
    {"x":50,"y":950}
  ],
  "hammer1":{"x":200,"y":3570},
  "hammer2":{"x":650,"y":1850},
  "hammer3":{"x":10,"y":1200},
  "goal":
    {"x": 150, "y": 300},
  "barrelFrequency":  2,
  "barrelSpeed": 200,
  "waterSpeed": 500000
}
